﻿<?xml version="1.0" encoding="utf-8" ?>
<Customers>

  <Customer>
    <CustomerID>1001</CustomerID>
    <CustomerName>John</CustomerName>
    <CustomerCity>Bangalore</CustomerCity>  
  </Customer>

  <Customer>
    <CustomerID>1002</CustomerID>
    <CustomerName>Smith</CustomerName>
    <CustomerCity>Bangalore</CustomerCity>
  </Customer>

  <Customer>
    <CustomerID>1003</CustomerID>
    <CustomerName>Sai</CustomerName>
    <CustomerCity>Guntur</CustomerCity>
  </Customer>

  <Customer>
      <CustomerID>1004</CustomerID>
      <CustomerName>Praveen</CustomerName>
      <CustomerCity>Guntur</CustomerCity>
    </Customer>

  <Customer>
    <CustomerID>1005</CustomerID>
    <CustomerName>Mani</CustomerName>
    <CustomerCity>Hyderabad</CustomerCity>
  </Customer>
    
  
</Customers>